<?xml version="1.0" encoding="utf-8"?>
<Root Version="7">
  <LanguageContainerStyle DisplayGrid="false" FunctionBlockInstanceName="true" VariableDisplayMode="NameAndAlias" VariableAlpha="255" VariableTextColor="windowtext" VariableOnlineTextColor="Red" VariableBackgroundColor="White" VariableGradientColor="White" Font="Microsoft Sans Serif, 8pt" CellWidth="30" CellHeight="25" NbCellsShapeWidth="4" NbCellsShapeHeight="2" CoilAllAligned="false" FitToWindowWidthEnabled="true" RungColor="WhiteSmoke" LabelColor="LightGoldenrodYellow" CommentColor="White" TextCommentColor="Green" PowerRailColor="Silver" DisplayBlockImage="true" DisplayComment="true" PenWidth="2" DisplayLabel="false" OperatorBlockBackgroundColor="buttonface" OperatorBlockGradientColor="buttonface" FunctionBackgroundColor="Ivory" FunctionGradientColor="Ivory" FunctionBlockBackgroundColor="Silver" FunctionBlockGradientColor="Silver" Index="0">
    <ShapeStyle Type="ISaGRAF.Workbench.Mlge.LanguageContainer.LD.Shape.WbLdRungShape" Assembly="ISaGRAF.Workbench.Mlge.LanguageContainer.LD" PowerRailColor="Silver" DisplayLabel="false" RungColor="WhiteSmoke" CommentColor="White" LabelColor="LightGoldenrodYellow" DisplayComment="true" Key="[0,1]" />
    <ShapeStyle Type="ISaGRAF.Workbench.Mlge.LanguageContainer.LD.Shape.WbLdContactShape" Assembly="ISaGRAF.Workbench.Mlge.LanguageContainer.LD" FontColor="windowtext" DisplayMode="NameAndAlias" Key="[0,1],[1,1]" />
    <ShapeStyle Type="ISaGRAF.Workbench.Mlge.LanguageContainer.LD.Shape.WbLdContactShape" Assembly="ISaGRAF.Workbench.Mlge.LanguageContainer.LD" FontColor="windowtext" DisplayMode="NameAndAlias" Key="[0,1],[2,1]" />
    <ShapeStyle Type="ISaGRAF.Workbench.Mlge.LanguageContainer.LD.Shape.WbLdCoilShape" Assembly="ISaGRAF.Workbench.Mlge.LanguageContainer.LD" FontColor="windowtext" DisplayMode="NameAndAlias" Key="[0,1],[3,1]" />
    <ShapeStyle Type="ISaGRAF.Workbench.Mlge.LanguageContainer.LD.Shape.WbLdCoilShape" Assembly="ISaGRAF.Workbench.Mlge.LanguageContainer.LD" FontColor="windowtext" DisplayMode="NameAndAlias" Key="[0,1],[3,2]" />
    <ShapeStyle Type="ISaGRAF.Workbench.Mlge.LanguageContainer.LD.Shape.WbLdRungShape" Assembly="ISaGRAF.Workbench.Mlge.LanguageContainer.LD" PowerRailColor="Silver" DisplayLabel="false" RungColor="WhiteSmoke" CommentColor="White" LabelColor="LightGoldenrodYellow" DisplayComment="true" Key="[0,4]" />
    <ShapeStyle Type="ISaGRAF.Workbench.Mlge.LanguageContainer.LD.Shape.WbLdContactShape" Assembly="ISaGRAF.Workbench.Mlge.LanguageContainer.LD" FontColor="windowtext" DisplayMode="NameAndAlias" Key="[0,4],[1,4]" />
    <ShapeStyle Type="ISaGRAF.Workbench.Mlge.LanguageContainer.LD.Shape.WbLdContactShape" Assembly="ISaGRAF.Workbench.Mlge.LanguageContainer.LD" FontColor="windowtext" DisplayMode="NameAndAlias" Key="[0,4],[2,4]" />
    <ShapeStyle Type="ISaGRAF.Workbench.Mlge.LanguageContainer.LD.Shape.WbLdCoilShape" Assembly="ISaGRAF.Workbench.Mlge.LanguageContainer.LD" FontColor="windowtext" DisplayMode="NameAndAlias" Key="[0,4],[3,4]" />
    <ShapeStyle Type="ISaGRAF.Workbench.Mlge.LanguageContainer.LD.Shape.WbLdCoilShape" Assembly="ISaGRAF.Workbench.Mlge.LanguageContainer.LD" FontColor="windowtext" DisplayMode="NameAndAlias" Key="[0,4],[3,5]" />
  </LanguageContainerStyle>
</Root>