<?xml version="1.0" encoding="utf-8"?>
<Root Version="7">
  <LanguageContainerStyle DisplayGrid="false" FunctionBlockInstanceName="true" VariableDisplayMode="NameAndAlias" VariableAlpha="255" VariableTextColor="windowtext" VariableOnlineTextColor="Red" VariableBackgroundColor="White" VariableGradientColor="White" Font="Microsoft Sans Serif, 8pt" CellWidth="30" CellHeight="25" NbCellsShapeWidth="4" NbCellsShapeHeight="2" CoilAllAligned="false" FitToWindowWidthEnabled="true" RungColor="WhiteSmoke" LabelColor="LightGoldenrodYellow" CommentColor="White" TextCommentColor="Green" PowerRailColor="Silver" DisplayBlockImage="true" DisplayComment="true" PenWidth="2" DisplayLabel="false" OperatorBlockBackgroundColor="buttonface" OperatorBlockGradientColor="buttonface" FunctionBackgroundColor="Ivory" FunctionGradientColor="Ivory" FunctionBlockBackgroundColor="Silver" FunctionBlockGradientColor="Silver" Index="0" RungCommentFont="Microsoft Sans Serif, 7.8pt">
    <ShapeStyle Type="ISaGRAF.Workbench.Mlge.LanguageContainer.LD.Shape.WbLdRungShape" Assembly="ISaGRAF.Workbench.Mlge.LanguageContainer.LD" PowerRailColor="Silver" DisplayLabel="false" RungColor="WhiteSmoke" CommentColor="White" LabelColor="LightGoldenrodYellow" DisplayComment="true" Key="[0,1]" />
    <ShapeStyle Type="ISaGRAF.Workbench.Mlge.LanguageContainer.LD.Shape.WbLdContactShape" Assembly="ISaGRAF.Workbench.Mlge.LanguageContainer.LD" FontColor="windowtext" DisplayMode="NameAndAlias" Key="[0,1],[1,1]" />
    <ShapeStyle Type="ISaGRAF.Workbench.Mlge.LanguageContainer.LD.Shape.WbLdContactShape" Assembly="ISaGRAF.Workbench.Mlge.LanguageContainer.LD" FontColor="windowtext" DisplayMode="NameAndAlias" Key="[0,1],[1,2]" />
    <ShapeStyle Type="ISaGRAF.Workbench.Mlge.LanguageContainer.LD.Shape.WbLdContactShape" Assembly="ISaGRAF.Workbench.Mlge.LanguageContainer.LD" FontColor="windowtext" DisplayMode="NameAndAlias" Key="[0,1],[2,2]" />
    <ShapeStyle Type="ISaGRAF.Workbench.Mlge.LanguageContainer.LD.Shape.WbLdCoilShape" Assembly="ISaGRAF.Workbench.Mlge.LanguageContainer.LD" FontColor="windowtext" DisplayMode="NameAndAlias" Key="[0,1],[3,1]" />
    <ShapeStyle Type="ISaGRAF.Workbench.Mlge.LanguageContainer.LD.Shape.WbLdCoilShape" Assembly="ISaGRAF.Workbench.Mlge.LanguageContainer.LD" FontColor="windowtext" DisplayMode="NameAndAlias" Key="[0,1],[3,2]" />
    <ShapeStyle Type="ISaGRAF.Workbench.Mlge.Core.Shape.WbPouCallShape" Assembly="ISaGRAF.Workbench.Mlge.Core" FunctionBlockInstanceName="true" Alpha="255" Background="Silver" BackgroundGradient="Silver" Key="[0,1],[3,3]" />
    <ShapeStyle Type="ISaGRAF.Workbench.Mlge.LanguageContainer.LD.Shape.WbLDVariableAccessShape" Assembly="ISaGRAF.Workbench.Mlge.LanguageContainer.LD" Alpha="255" Background="#FFFFFFFF" BackgroundGradient="#FFFFFFFF" FontColor="windowtext" DisplayMode="NameAndAlias" Key="[0,1],[3,3],[3,4],[3,4]" />
    <ShapeStyle Type="ISaGRAF.Workbench.Mlge.LanguageContainer.LD.Shape.WbLDVariableAccessShape" Assembly="ISaGRAF.Workbench.Mlge.LanguageContainer.LD" Alpha="255" Background="#FFFFFFFF" BackgroundGradient="#FFFFFFFF" FontColor="windowtext" DisplayMode="NameAndAlias" Key="[0,1],[3,3],[5,4],[5,4]" />
    <ShapeStyle Type="ISaGRAF.Workbench.Mlge.LanguageContainer.LD.Shape.WbLdRungShape" Assembly="ISaGRAF.Workbench.Mlge.LanguageContainer.LD" PowerRailColor="Silver" DisplayLabel="false" RungColor="WhiteSmoke" CommentColor="White" LabelColor="LightGoldenrodYellow" DisplayComment="true" Key="[0,6]" />
    <ShapeStyle Type="ISaGRAF.Workbench.Mlge.LanguageContainer.LD.Shape.WbLdContactShape" Assembly="ISaGRAF.Workbench.Mlge.LanguageContainer.LD" FontColor="windowtext" DisplayMode="NameAndAlias" Key="[0,6],[1,6]" />
    <ShapeStyle Type="ISaGRAF.Workbench.Mlge.LanguageContainer.LD.Shape.WbLdContactShape" Assembly="ISaGRAF.Workbench.Mlge.LanguageContainer.LD" FontColor="windowtext" DisplayMode="NameAndAlias" Key="[0,6],[2,6]" />
    <ShapeStyle Type="ISaGRAF.Workbench.Mlge.LanguageContainer.LD.Shape.WbLdCoilShape" Assembly="ISaGRAF.Workbench.Mlge.LanguageContainer.LD" FontColor="windowtext" DisplayMode="NameAndAlias" Key="[0,6],[3,6]" />
    <ShapeStyle Type="ISaGRAF.Workbench.Mlge.LanguageContainer.LD.Shape.WbLdCoilShape" Assembly="ISaGRAF.Workbench.Mlge.LanguageContainer.LD" FontColor="windowtext" DisplayMode="NameAndAlias" Key="[0,6],[3,7]" />
    <ShapeStyle Type="ISaGRAF.Workbench.Mlge.LanguageContainer.LD.Shape.WbLdRungShape" Assembly="ISaGRAF.Workbench.Mlge.LanguageContainer.LD" PowerRailColor="Silver" DisplayLabel="false" RungColor="WhiteSmoke" CommentColor="White" LabelColor="LightGoldenrodYellow" DisplayComment="true" Key="[0,9]" />
    <ShapeStyle Type="ISaGRAF.Workbench.Mlge.LanguageContainer.LD.Shape.WbLdContactShape" Assembly="ISaGRAF.Workbench.Mlge.LanguageContainer.LD" FontColor="windowtext" DisplayMode="NameAndAlias" Key="[0,9],[1,10]" />
    <ShapeStyle Type="ISaGRAF.Workbench.Mlge.LanguageContainer.LD.Shape.WbLdContactShape" Assembly="ISaGRAF.Workbench.Mlge.LanguageContainer.LD" FontColor="windowtext" DisplayMode="NameAndAlias" Key="[0,9],[1,9]" />
    <ShapeStyle Type="ISaGRAF.Workbench.Mlge.Core.Shape.WbPouCallShape" Assembly="ISaGRAF.Workbench.Mlge.Core" FunctionBlockInstanceName="true" Alpha="255" Background="buttonface" BackgroundGradient="buttonface" Key="[0,9],[11,9]" />
    <ShapeStyle Type="ISaGRAF.Workbench.Mlge.LanguageContainer.LD.Shape.WbLDVariableAccessShape" Assembly="ISaGRAF.Workbench.Mlge.LanguageContainer.LD" Alpha="255" Background="#FFFFFFFF" BackgroundGradient="#FFFFFFFF" FontColor="windowtext" DisplayMode="NameAndAlias" Key="[0,9],[11,9],[11,10],[11,10]" />
    <ShapeStyle Type="ISaGRAF.Workbench.Mlge.LanguageContainer.LD.Shape.WbLDVariableAccessShape" Assembly="ISaGRAF.Workbench.Mlge.LanguageContainer.LD" Alpha="255" Background="#FFFFFFFF" BackgroundGradient="#FFFFFFFF" FontColor="windowtext" DisplayMode="NameAndAlias" Key="[0,9],[11,9],[13,10],[13,10]" />
    <ShapeStyle Type="ISaGRAF.Workbench.Mlge.Core.Shape.WbPouCallShape" Assembly="ISaGRAF.Workbench.Mlge.Core" FunctionBlockInstanceName="true" Alpha="255" Background="buttonface" BackgroundGradient="buttonface" Key="[0,9],[2,9]" />
    <ShapeStyle Type="ISaGRAF.Workbench.Mlge.LanguageContainer.LD.Shape.WbLDVariableAccessShape" Assembly="ISaGRAF.Workbench.Mlge.LanguageContainer.LD" Alpha="255" Background="#FFFFFFFF" BackgroundGradient="#FFFFFFFF" FontColor="windowtext" DisplayMode="NameAndAlias" Key="[0,9],[2,9],[2,10],[2,10]" />
    <ShapeStyle Type="ISaGRAF.Workbench.Mlge.LanguageContainer.LD.Shape.WbLDVariableAccessShape" Assembly="ISaGRAF.Workbench.Mlge.LanguageContainer.LD" Alpha="255" Background="#FFFFFFFF" BackgroundGradient="#FFFFFFFF" FontColor="windowtext" DisplayMode="NameAndAlias" Key="[0,9],[2,9],[4,10],[4,10]" />
    <ShapeStyle Type="ISaGRAF.Workbench.Mlge.Core.Shape.WbPouCallShape" Assembly="ISaGRAF.Workbench.Mlge.Core" FunctionBlockInstanceName="true" Alpha="255" Background="buttonface" BackgroundGradient="buttonface" Key="[0,9],[5,9]" />
    <ShapeStyle Type="ISaGRAF.Workbench.Mlge.LanguageContainer.LD.Shape.WbLDVariableAccessShape" Assembly="ISaGRAF.Workbench.Mlge.LanguageContainer.LD" Alpha="255" Background="#FFFFFFFF" BackgroundGradient="#FFFFFFFF" FontColor="windowtext" DisplayMode="NameAndAlias" Key="[0,9],[5,9],[5,10],[5,10]" />
    <ShapeStyle Type="ISaGRAF.Workbench.Mlge.LanguageContainer.LD.Shape.WbLDVariableAccessShape" Assembly="ISaGRAF.Workbench.Mlge.LanguageContainer.LD" Alpha="255" Background="#FFFFFFFF" BackgroundGradient="#FFFFFFFF" FontColor="windowtext" DisplayMode="NameAndAlias" Key="[0,9],[5,9],[5,11],[5,11]" />
    <ShapeStyle Type="ISaGRAF.Workbench.Mlge.LanguageContainer.LD.Shape.WbLDVariableAccessShape" Assembly="ISaGRAF.Workbench.Mlge.LanguageContainer.LD" Alpha="255" Background="#FFFFFFFF" BackgroundGradient="#FFFFFFFF" FontColor="windowtext" DisplayMode="NameAndAlias" Key="[0,9],[5,9],[7,10],[7,10]" />
    <ShapeStyle Type="ISaGRAF.Workbench.Mlge.Core.Shape.WbPouCallShape" Assembly="ISaGRAF.Workbench.Mlge.Core" FunctionBlockInstanceName="true" Alpha="255" Background="buttonface" BackgroundGradient="buttonface" Key="[0,9],[8,9]" />
    <ShapeStyle Type="ISaGRAF.Workbench.Mlge.LanguageContainer.LD.Shape.WbLDVariableAccessShape" Assembly="ISaGRAF.Workbench.Mlge.LanguageContainer.LD" Alpha="255" Background="#FFFFFFFF" BackgroundGradient="#FFFFFFFF" FontColor="windowtext" DisplayMode="NameAndAlias" Key="[0,9],[8,9],[10,10],[10,10]" />
    <ShapeStyle Type="ISaGRAF.Workbench.Mlge.LanguageContainer.LD.Shape.WbLDVariableAccessShape" Assembly="ISaGRAF.Workbench.Mlge.LanguageContainer.LD" Alpha="255" Background="#FFFFFFFF" BackgroundGradient="#FFFFFFFF" FontColor="windowtext" DisplayMode="NameAndAlias" Key="[0,9],[8,9],[8,10],[8,10]" />
  </LanguageContainerStyle>
</Root>