<?xml version="1.0" encoding="utf-8"?>
<Root Version="7">
  <LanguageContainerStyle DisplayGrid="false" FunctionBlockInstanceName="true" VariableDisplayMode="NameAndAlias" VariableAlpha="255" VariableTextColor="windowtext" VariableOnlineTextColor="Red" VariableBackgroundColor="White" VariableGradientColor="White" Font="Microsoft Sans Serif, 8pt" CellWidth="30" CellHeight="25" NbCellsShapeWidth="4" NbCellsShapeHeight="2" CoilAllAligned="false" FitToWindowWidthEnabled="true" RungColor="WhiteSmoke" LabelColor="LightGoldenrodYellow" CommentColor="White" TextCommentColor="Green" PowerRailColor="Silver" DisplayBlockImage="true" DisplayComment="true" PenWidth="2" DisplayLabel="false" OperatorBlockBackgroundColor="buttonface" OperatorBlockGradientColor="buttonface" FunctionBackgroundColor="Ivory" FunctionGradientColor="Ivory" FunctionBlockBackgroundColor="Silver" FunctionBlockGradientColor="Silver" Index="0">
    <ShapeStyle Type="ISaGRAF.Workbench.Mlge.LanguageContainer.LD.Shape.WbLdRungShape" Assembly="ISaGRAF.Workbench.Mlge.LanguageContainer.LD" PowerRailColor="Silver" DisplayLabel="false" RungColor="WhiteSmoke" CommentColor="White" LabelColor="LightGoldenrodYellow" DisplayComment="true" Key="[0,1]">
      <Text></Text>
      <RtfText>{\rtf1\ansi\ansicpg1252\deff0\deflang1033{\fonttbl{\f0\fnil\fcharset0 Microsoft Sans Serif;}}
{\colortbl ;\red0\green128\blue0;}
\viewkind4\uc1\pard\cf1\f0\fs16\par
}
</RtfText>
    </ShapeStyle>
    <ShapeStyle Type="ISaGRAF.Workbench.Mlge.LanguageContainer.LD.Shape.WbLdContactShape" Assembly="ISaGRAF.Workbench.Mlge.LanguageContainer.LD" FontColor="windowtext" DisplayMode="NameAndAlias" Key="[0,1],[1,1]" />
    <ShapeStyle Type="ISaGRAF.Workbench.Mlge.LanguageContainer.LD.Shape.WbLdContactShape" Assembly="ISaGRAF.Workbench.Mlge.LanguageContainer.LD" FontColor="windowtext" DisplayMode="NameAndAlias" Key="[0,1],[1,2]" />
    <ShapeStyle Type="ISaGRAF.Workbench.Mlge.LanguageContainer.LD.Shape.WbLdContactShape" Assembly="ISaGRAF.Workbench.Mlge.LanguageContainer.LD" FontColor="windowtext" DisplayMode="NameAndAlias" Key="[0,1],[2,1]" />
    <ShapeStyle Type="ISaGRAF.Workbench.Mlge.LanguageContainer.LD.Shape.WbLdContactShape" Assembly="ISaGRAF.Workbench.Mlge.LanguageContainer.LD" FontColor="windowtext" DisplayMode="NameAndAlias" Key="[0,1],[3,1]" />
    <ShapeStyle Type="ISaGRAF.Workbench.Mlge.LanguageContainer.LD.Shape.WbLdCoilShape" Assembly="ISaGRAF.Workbench.Mlge.LanguageContainer.LD" FontColor="windowtext" DisplayMode="NameAndAlias" Key="[0,1],[4,1]" />
    <ShapeStyle Type="ISaGRAF.Workbench.Mlge.LanguageContainer.LD.Shape.WbLdCoilShape" Assembly="ISaGRAF.Workbench.Mlge.LanguageContainer.LD" FontColor="windowtext" DisplayMode="NameAndAlias" Key="[0,1],[4,2]" />
    <ShapeStyle Type="ISaGRAF.Workbench.Mlge.LanguageContainer.LD.Shape.WbLdCoilShape" Assembly="ISaGRAF.Workbench.Mlge.LanguageContainer.LD" FontColor="windowtext" DisplayMode="NameAndAlias" Key="[0,1],[4,3]" />
    <ShapeStyle Type="ISaGRAF.Workbench.Mlge.LanguageContainer.LD.Shape.WbLdRungShape" Assembly="ISaGRAF.Workbench.Mlge.LanguageContainer.LD" PowerRailColor="Silver" DisplayLabel="false" RungColor="WhiteSmoke" CommentColor="White" LabelColor="LightGoldenrodYellow" DisplayComment="true" Key="[0,5]" />
    <ShapeStyle Type="ISaGRAF.Workbench.Mlge.LanguageContainer.LD.Shape.WbLdContactShape" Assembly="ISaGRAF.Workbench.Mlge.LanguageContainer.LD" FontColor="windowtext" DisplayMode="NameAndAlias" Key="[0,5],[1,5]" />
    <ShapeStyle Type="ISaGRAF.Workbench.Mlge.LanguageContainer.LD.Shape.WbLdContactShape" Assembly="ISaGRAF.Workbench.Mlge.LanguageContainer.LD" FontColor="windowtext" DisplayMode="NameAndAlias" Key="[0,5],[1,6]" />
    <ShapeStyle Type="ISaGRAF.Workbench.Mlge.LanguageContainer.LD.Shape.WbLdContactShape" Assembly="ISaGRAF.Workbench.Mlge.LanguageContainer.LD" FontColor="windowtext" DisplayMode="NameAndAlias" Key="[0,5],[1,7]" />
    <ShapeStyle Type="ISaGRAF.Workbench.Mlge.LanguageContainer.LD.Shape.WbLdContactShape" Assembly="ISaGRAF.Workbench.Mlge.LanguageContainer.LD" FontColor="windowtext" DisplayMode="NameAndAlias" Key="[0,5],[2,5]" />
    <ShapeStyle Type="ISaGRAF.Workbench.Mlge.LanguageContainer.LD.Shape.WbLdContactShape" Assembly="ISaGRAF.Workbench.Mlge.LanguageContainer.LD" FontColor="windowtext" DisplayMode="NameAndAlias" Key="[0,5],[2,7]" />
    <ShapeStyle Type="ISaGRAF.Workbench.Mlge.LanguageContainer.LD.Shape.WbLdContactShape" Assembly="ISaGRAF.Workbench.Mlge.LanguageContainer.LD" FontColor="windowtext" DisplayMode="NameAndAlias" Key="[0,5],[3,5]" />
    <ShapeStyle Type="ISaGRAF.Workbench.Mlge.LanguageContainer.LD.Shape.WbLdContactShape" Assembly="ISaGRAF.Workbench.Mlge.LanguageContainer.LD" FontColor="windowtext" DisplayMode="NameAndAlias" Key="[0,5],[4,5]" />
    <ShapeStyle Type="ISaGRAF.Workbench.Mlge.LanguageContainer.LD.Shape.WbLdCoilShape" Assembly="ISaGRAF.Workbench.Mlge.LanguageContainer.LD" FontColor="windowtext" DisplayMode="NameAndAlias" Key="[0,5],[5,5]" />
    <ShapeStyle Type="ISaGRAF.Workbench.Mlge.LanguageContainer.LD.Shape.WbLdRungShape" Assembly="ISaGRAF.Workbench.Mlge.LanguageContainer.LD" PowerRailColor="Silver" DisplayLabel="false" RungColor="WhiteSmoke" CommentColor="White" LabelColor="LightGoldenrodYellow" DisplayComment="true" Key="[0,9]" />
    <ShapeStyle Type="ISaGRAF.Workbench.Mlge.LanguageContainer.LD.Shape.WbLdContactShape" Assembly="ISaGRAF.Workbench.Mlge.LanguageContainer.LD" FontColor="windowtext" DisplayMode="NameAndAlias" Key="[0,9],[1,9]" />
    <ShapeStyle Type="ISaGRAF.Workbench.Mlge.LanguageContainer.LD.Shape.WbLdCoilShape" Assembly="ISaGRAF.Workbench.Mlge.LanguageContainer.LD" FontColor="windowtext" DisplayMode="NameAndAlias" Key="[0,9],[2,10]" />
    <ShapeStyle Type="ISaGRAF.Workbench.Mlge.LanguageContainer.LD.Shape.WbLdCoilShape" Assembly="ISaGRAF.Workbench.Mlge.LanguageContainer.LD" FontColor="windowtext" DisplayMode="NameAndAlias" Key="[0,9],[2,9]" />
  </LanguageContainerStyle>
</Root>