<?xml version="1.0" encoding="utf-8"?>
<Root Version="7">
  <LanguageContainerStyle DisplayGrid="false" FunctionBlockInstanceName="true" VariableDisplayMode="NameAndAlias" VariableAlpha="255" VariableTextColor="windowtext" VariableOnlineTextColor="Red" VariableBackgroundColor="White" VariableGradientColor="White" Font="Microsoft Sans Serif, 8pt" CellWidth="30" CellHeight="25" NbCellsShapeWidth="4" NbCellsShapeHeight="2" CoilAllAligned="false" FitToWindowWidthEnabled="true" RungColor="WhiteSmoke" LabelColor="LightGoldenrodYellow" CommentColor="White" TextCommentColor="Green" RungCommentFont="Microsoft Sans Serif, 7.8pt" PowerRailColor="Silver" DisplayBlockImage="true" DisplayComment="true" PenWidth="2" DisplayLabel="false" OperatorBlockBackgroundColor="buttonface" OperatorBlockGradientColor="buttonface" FunctionBackgroundColor="Ivory" FunctionGradientColor="Ivory" FunctionBlockBackgroundColor="Silver" FunctionBlockGradientColor="Silver" Index="0">
    <ShapeStyle Type="ISaGRAF.Workbench.Mlge.LanguageContainer.LD.Shape.WbLdRungShape" Assembly="ISaGRAF.Workbench.Mlge.LanguageContainer.LD" PowerRailColor="Silver" DisplayLabel="false" RungColor="WhiteSmoke" CommentColor="White" LabelColor="LightGoldenrodYellow" DisplayComment="true" Key="[0,1]" />
    <ShapeStyle Type="ISaGRAF.Workbench.Mlge.LanguageContainer.LD.Shape.WbLdContactShape" Assembly="ISaGRAF.Workbench.Mlge.LanguageContainer.LD" FontColor="windowtext" DisplayMode="NameAndAlias" Key="[0,1],[1,1]" />
    <ShapeStyle Type="ISaGRAF.Workbench.Mlge.LanguageContainer.LD.Shape.WbLdContactShape" Assembly="ISaGRAF.Workbench.Mlge.LanguageContainer.LD" FontColor="windowtext" DisplayMode="NameAndAlias" Key="[0,1],[2,1]" />
    <ShapeStyle Type="ISaGRAF.Workbench.Mlge.LanguageContainer.LD.Shape.WbLdContactShape" Assembly="ISaGRAF.Workbench.Mlge.LanguageContainer.LD" FontColor="windowtext" DisplayMode="NameAndAlias" Key="[0,1],[2,2]" />
    <ShapeStyle Type="ISaGRAF.Workbench.Mlge.LanguageContainer.LD.Shape.WbLdContactShape" Assembly="ISaGRAF.Workbench.Mlge.LanguageContainer.LD" FontColor="windowtext" DisplayMode="NameAndAlias" Key="[0,1],[2,3]" />
    <ShapeStyle Type="ISaGRAF.Workbench.Mlge.LanguageContainer.LD.Shape.WbLdContactShape" Assembly="ISaGRAF.Workbench.Mlge.LanguageContainer.LD" FontColor="windowtext" DisplayMode="NameAndAlias" Key="[0,1],[2,4]" />
    <ShapeStyle Type="ISaGRAF.Workbench.Mlge.LanguageContainer.LD.Shape.WbLdContactShape" Assembly="ISaGRAF.Workbench.Mlge.LanguageContainer.LD" FontColor="windowtext" DisplayMode="NameAndAlias" Key="[0,1],[3,1]" />
    <ShapeStyle Type="ISaGRAF.Workbench.Mlge.LanguageContainer.LD.Shape.WbLdContactShape" Assembly="ISaGRAF.Workbench.Mlge.LanguageContainer.LD" FontColor="windowtext" DisplayMode="NameAndAlias" Key="[0,1],[4,1]" />
    <ShapeStyle Type="ISaGRAF.Workbench.Mlge.LanguageContainer.LD.Shape.WbLdContactShape" Assembly="ISaGRAF.Workbench.Mlge.LanguageContainer.LD" FontColor="windowtext" DisplayMode="NameAndAlias" Key="[0,1],[5,1]" />
    <ShapeStyle Type="ISaGRAF.Workbench.Mlge.LanguageContainer.LD.Shape.WbLdContactShape" Assembly="ISaGRAF.Workbench.Mlge.LanguageContainer.LD" FontColor="windowtext" DisplayMode="NameAndAlias" Key="[0,1],[6,1]" />
    <ShapeStyle Type="ISaGRAF.Workbench.Mlge.LanguageContainer.LD.Shape.WbLdCoilShape" Assembly="ISaGRAF.Workbench.Mlge.LanguageContainer.LD" FontColor="windowtext" DisplayMode="NameAndAlias" Key="[0,1],[7,1]" />
    <ShapeStyle Type="ISaGRAF.Workbench.Mlge.LanguageContainer.LD.Shape.WbLdCoilShape" Assembly="ISaGRAF.Workbench.Mlge.LanguageContainer.LD" FontColor="windowtext" DisplayMode="NameAndAlias" Key="[0,1],[7,2]" />
    <ShapeStyle Type="ISaGRAF.Workbench.Mlge.LanguageContainer.LD.Shape.WbLdRungShape" Assembly="ISaGRAF.Workbench.Mlge.LanguageContainer.LD" PowerRailColor="Silver" DisplayLabel="false" RungColor="WhiteSmoke" CommentColor="White" LabelColor="LightGoldenrodYellow" DisplayComment="true" Key="[0,11]" />
    <ShapeStyle Type="ISaGRAF.Workbench.Mlge.LanguageContainer.LD.Shape.WbLdContactShape" Assembly="ISaGRAF.Workbench.Mlge.LanguageContainer.LD" FontColor="windowtext" DisplayMode="NameAndAlias" Key="[0,11],[1,11]" />
    <ShapeStyle Type="ISaGRAF.Workbench.Mlge.LanguageContainer.LD.Shape.WbLdContactShape" Assembly="ISaGRAF.Workbench.Mlge.LanguageContainer.LD" FontColor="windowtext" DisplayMode="NameAndAlias" Key="[0,11],[2,11]" />
    <ShapeStyle Type="ISaGRAF.Workbench.Mlge.LanguageContainer.LD.Shape.WbLdContactShape" Assembly="ISaGRAF.Workbench.Mlge.LanguageContainer.LD" FontColor="windowtext" DisplayMode="NameAndAlias" Key="[0,11],[3,11]" />
    <ShapeStyle Type="ISaGRAF.Workbench.Mlge.LanguageContainer.LD.Shape.WbLdCoilShape" Assembly="ISaGRAF.Workbench.Mlge.LanguageContainer.LD" FontColor="windowtext" DisplayMode="NameAndAlias" Key="[0,11],[4,11]" />
    <ShapeStyle Type="ISaGRAF.Workbench.Mlge.LanguageContainer.LD.Shape.WbLdRungShape" Assembly="ISaGRAF.Workbench.Mlge.LanguageContainer.LD" PowerRailColor="Silver" DisplayLabel="false" RungColor="WhiteSmoke" CommentColor="White" LabelColor="LightGoldenrodYellow" DisplayComment="true" Key="[0,13]" />
    <ShapeStyle Type="ISaGRAF.Workbench.Mlge.LanguageContainer.LD.Shape.WbLdContactShape" Assembly="ISaGRAF.Workbench.Mlge.LanguageContainer.LD" FontColor="windowtext" DisplayMode="NameAndAlias" Key="[0,13],[1,13]" />
    <ShapeStyle Type="ISaGRAF.Workbench.Mlge.LanguageContainer.LD.Shape.WbLdContactShape" Assembly="ISaGRAF.Workbench.Mlge.LanguageContainer.LD" FontColor="windowtext" DisplayMode="NameAndAlias" Key="[0,13],[1,14]" />
    <ShapeStyle Type="ISaGRAF.Workbench.Mlge.LanguageContainer.LD.Shape.WbLdContactShape" Assembly="ISaGRAF.Workbench.Mlge.LanguageContainer.LD" FontColor="windowtext" DisplayMode="NameAndAlias" Key="[0,13],[2,13]" />
    <ShapeStyle Type="ISaGRAF.Workbench.Mlge.LanguageContainer.LD.Shape.WbLdCoilShape" Assembly="ISaGRAF.Workbench.Mlge.LanguageContainer.LD" FontColor="windowtext" DisplayMode="NameAndAlias" Key="[0,13],[3,13]" />
    <ShapeStyle Type="ISaGRAF.Workbench.Mlge.LanguageContainer.LD.Shape.WbLdRungShape" Assembly="ISaGRAF.Workbench.Mlge.LanguageContainer.LD" PowerRailColor="Silver" DisplayLabel="false" RungColor="WhiteSmoke" CommentColor="White" LabelColor="LightGoldenrodYellow" DisplayComment="true" Key="[0,16]" />
    <ShapeStyle Type="ISaGRAF.Workbench.Mlge.LanguageContainer.LD.Shape.WbLdContactShape" Assembly="ISaGRAF.Workbench.Mlge.LanguageContainer.LD" FontColor="windowtext" DisplayMode="NameAndAlias" Key="[0,16],[1,16]" />
    <ShapeStyle Type="ISaGRAF.Workbench.Mlge.LanguageContainer.LD.Shape.WbLdContactShape" Assembly="ISaGRAF.Workbench.Mlge.LanguageContainer.LD" FontColor="windowtext" DisplayMode="NameAndAlias" Key="[0,16],[1,17]" />
    <ShapeStyle Type="ISaGRAF.Workbench.Mlge.LanguageContainer.LD.Shape.WbLdContactShape" Assembly="ISaGRAF.Workbench.Mlge.LanguageContainer.LD" FontColor="windowtext" DisplayMode="NameAndAlias" Key="[0,16],[1,18]" />
    <ShapeStyle Type="ISaGRAF.Workbench.Mlge.LanguageContainer.LD.Shape.WbLdContactShape" Assembly="ISaGRAF.Workbench.Mlge.LanguageContainer.LD" FontColor="windowtext" DisplayMode="NameAndAlias" Key="[0,16],[2,16]" />
    <ShapeStyle Type="ISaGRAF.Workbench.Mlge.LanguageContainer.LD.Shape.WbLdContactShape" Assembly="ISaGRAF.Workbench.Mlge.LanguageContainer.LD" FontColor="windowtext" DisplayMode="NameAndAlias" Key="[0,16],[2,17]" />
    <ShapeStyle Type="ISaGRAF.Workbench.Mlge.LanguageContainer.LD.Shape.WbLdContactShape" Assembly="ISaGRAF.Workbench.Mlge.LanguageContainer.LD" FontColor="windowtext" DisplayMode="NameAndAlias" Key="[0,16],[3,16]" />
    <ShapeStyle Type="ISaGRAF.Workbench.Mlge.LanguageContainer.LD.Shape.WbLdContactShape" Assembly="ISaGRAF.Workbench.Mlge.LanguageContainer.LD" FontColor="windowtext" DisplayMode="NameAndAlias" Key="[0,16],[4,16]" />
    <ShapeStyle Type="ISaGRAF.Workbench.Mlge.LanguageContainer.LD.Shape.WbLdCoilShape" Assembly="ISaGRAF.Workbench.Mlge.LanguageContainer.LD" FontColor="windowtext" DisplayMode="NameAndAlias" Key="[0,16],[5,16]" />
    <ShapeStyle Type="ISaGRAF.Workbench.Mlge.LanguageContainer.LD.Shape.WbLdRungShape" Assembly="ISaGRAF.Workbench.Mlge.LanguageContainer.LD" PowerRailColor="Silver" DisplayLabel="false" RungColor="WhiteSmoke" CommentColor="White" LabelColor="LightGoldenrodYellow" DisplayComment="true" Key="[0,20]" />
    <ShapeStyle Type="ISaGRAF.Workbench.Mlge.LanguageContainer.LD.Shape.WbLdContactShape" Assembly="ISaGRAF.Workbench.Mlge.LanguageContainer.LD" FontColor="windowtext" DisplayMode="NameAndAlias" Key="[0,20],[1,20]" />
    <ShapeStyle Type="ISaGRAF.Workbench.Mlge.LanguageContainer.LD.Shape.WbLdContactShape" Assembly="ISaGRAF.Workbench.Mlge.LanguageContainer.LD" FontColor="windowtext" DisplayMode="NameAndAlias" Key="[0,20],[2,20]" />
    <ShapeStyle Type="ISaGRAF.Workbench.Mlge.LanguageContainer.LD.Shape.WbLdCoilShape" Assembly="ISaGRAF.Workbench.Mlge.LanguageContainer.LD" FontColor="windowtext" DisplayMode="NameAndAlias" Key="[0,20],[3,20]" />
    <ShapeStyle Type="ISaGRAF.Workbench.Mlge.LanguageContainer.LD.Shape.WbLdRungShape" Assembly="ISaGRAF.Workbench.Mlge.LanguageContainer.LD" PowerRailColor="Silver" DisplayLabel="false" RungColor="WhiteSmoke" CommentColor="White" LabelColor="LightGoldenrodYellow" DisplayComment="true" Key="[0,22]" />
    <ShapeStyle Type="ISaGRAF.Workbench.Mlge.LanguageContainer.LD.Shape.WbLdContactShape" Assembly="ISaGRAF.Workbench.Mlge.LanguageContainer.LD" FontColor="windowtext" DisplayMode="NameAndAlias" Key="[0,22],[1,22]" />
    <ShapeStyle Type="ISaGRAF.Workbench.Mlge.LanguageContainer.LD.Shape.WbLdContactShape" Assembly="ISaGRAF.Workbench.Mlge.LanguageContainer.LD" FontColor="windowtext" DisplayMode="NameAndAlias" Key="[0,22],[1,23]" />
    <ShapeStyle Type="ISaGRAF.Workbench.Mlge.LanguageContainer.LD.Shape.WbLdContactShape" Assembly="ISaGRAF.Workbench.Mlge.LanguageContainer.LD" FontColor="windowtext" DisplayMode="NameAndAlias" Key="[0,22],[2,22]" />
    <ShapeStyle Type="ISaGRAF.Workbench.Mlge.LanguageContainer.LD.Shape.WbLdCoilShape" Assembly="ISaGRAF.Workbench.Mlge.LanguageContainer.LD" FontColor="windowtext" DisplayMode="NameAndAlias" Key="[0,22],[3,22]" />
    <ShapeStyle Type="ISaGRAF.Workbench.Mlge.LanguageContainer.LD.Shape.WbLdRungShape" Assembly="ISaGRAF.Workbench.Mlge.LanguageContainer.LD" PowerRailColor="Silver" DisplayLabel="false" RungColor="WhiteSmoke" CommentColor="White" LabelColor="LightGoldenrodYellow" DisplayComment="true" Key="[0,6]" />
    <ShapeStyle Type="ISaGRAF.Workbench.Mlge.LanguageContainer.LD.Shape.WbLdContactShape" Assembly="ISaGRAF.Workbench.Mlge.LanguageContainer.LD" FontColor="windowtext" DisplayMode="NameAndAlias" Key="[0,6],[1,6]" />
    <ShapeStyle Type="ISaGRAF.Workbench.Mlge.LanguageContainer.LD.Shape.WbLdContactShape" Assembly="ISaGRAF.Workbench.Mlge.LanguageContainer.LD" FontColor="windowtext" DisplayMode="NameAndAlias" Key="[0,6],[2,6]" />
    <ShapeStyle Type="ISaGRAF.Workbench.Mlge.LanguageContainer.LD.Shape.WbLdCoilShape" Assembly="ISaGRAF.Workbench.Mlge.LanguageContainer.LD" FontColor="windowtext" DisplayMode="NameAndAlias" Key="[0,6],[3,6]" />
    <ShapeStyle Type="ISaGRAF.Workbench.Mlge.LanguageContainer.LD.Shape.WbLdRungShape" Assembly="ISaGRAF.Workbench.Mlge.LanguageContainer.LD" PowerRailColor="Silver" DisplayLabel="false" RungColor="WhiteSmoke" CommentColor="White" LabelColor="LightGoldenrodYellow" DisplayComment="true" Key="[0,8]" />
    <ShapeStyle Type="ISaGRAF.Workbench.Mlge.LanguageContainer.LD.Shape.WbLdContactShape" Assembly="ISaGRAF.Workbench.Mlge.LanguageContainer.LD" FontColor="windowtext" DisplayMode="NameAndAlias" Key="[0,8],[1,8]" />
    <ShapeStyle Type="ISaGRAF.Workbench.Mlge.LanguageContainer.LD.Shape.WbLdContactShape" Assembly="ISaGRAF.Workbench.Mlge.LanguageContainer.LD" FontColor="windowtext" DisplayMode="NameAndAlias" Key="[0,8],[1,9]" />
    <ShapeStyle Type="ISaGRAF.Workbench.Mlge.LanguageContainer.LD.Shape.WbLdContactShape" Assembly="ISaGRAF.Workbench.Mlge.LanguageContainer.LD" FontColor="windowtext" DisplayMode="NameAndAlias" Key="[0,8],[2,8]" />
    <ShapeStyle Type="ISaGRAF.Workbench.Mlge.LanguageContainer.LD.Shape.WbLdContactShape" Assembly="ISaGRAF.Workbench.Mlge.LanguageContainer.LD" FontColor="windowtext" DisplayMode="NameAndAlias" Key="[0,8],[2,9]" />
    <ShapeStyle Type="ISaGRAF.Workbench.Mlge.LanguageContainer.LD.Shape.WbLdContactShape" Assembly="ISaGRAF.Workbench.Mlge.LanguageContainer.LD" FontColor="windowtext" DisplayMode="NameAndAlias" Key="[0,8],[3,8]" />
    <ShapeStyle Type="ISaGRAF.Workbench.Mlge.LanguageContainer.LD.Shape.WbLdContactShape" Assembly="ISaGRAF.Workbench.Mlge.LanguageContainer.LD" FontColor="windowtext" DisplayMode="NameAndAlias" Key="[0,8],[4,8]" />
    <ShapeStyle Type="ISaGRAF.Workbench.Mlge.LanguageContainer.LD.Shape.WbLdCoilShape" Assembly="ISaGRAF.Workbench.Mlge.LanguageContainer.LD" FontColor="windowtext" DisplayMode="NameAndAlias" Key="[0,8],[5,8]" />
  </LanguageContainerStyle>
</Root>